{
  "version": 1,
  "author": "Vinicius Santos",
  "editor": "wokwi",
  "parts": [
    { "type": "board-esp32-s3-devkitc-1", "id": "esp", "top": 0, "left": 0, "attrs": {} },
    {
      "type": "wokwi-led",
      "id": "led1",
      "top": 162.23,
      "left": -150.64,
      "attrs": { "color": "red" }
    },
    {
      "type": "wokwi-led",
      "id": "led2",
      "top": 90.92,
      "left": -151.94,
      "attrs": { "color": "orange" }
    },
    {
      "type": "wokwi-led",
      "id": "led3",
      "top": 0.58,
      "left": -148.49,
      "attrs": { "color": "green" }
    },
    {
      "type": "wokwi-led",
      "id": "led4",
      "top": 45.48,
      "left": -150.49,
      "attrs": { "color": "yellow" }
    },
    {
      "type": "wokwi-buzzer",
      "id": "bz1",
      "top": -103.02,
      "left": 151.05,
      "attrs": { "volume": "0.1" }
    },
    {
      "type": "wokwi-pushbutton",
      "id": "btn1",
      "top": 42.75,
      "left": 235.65,
      "attrs": { "color": "green" }
    },
    {
      "type": "wokwi-pushbutton",
      "id": "btn2",
      "top": 149.2,
      "left": 227.94,
      "attrs": { "color": "blue" }
    },
    {
      "type": "wokwi-photoresistor-sensor",
      "id": "ldr1",
      "top": -98.94,
      "left": -106.84,
      "attrs": {}
    }
  ],
  "connections": [
    [ "esp:TX", "$serialMonitor:RX", "", [] ],
    [ "esp:RX", "$serialMonitor:TX", "", [] ],
    [ "led3:A", "esp:17", "green", [ "v-59.84", "h89.56", "v142.55" ] ],
    [ "led3:C", "esp:GND.1", "green", [ "v0.03", "h-49.41", "v193.87" ] ],
    [ "led4:A", "esp:3", "green", [ "v0.04", "h28.84", "v37.78" ] ],
    [ "led2:A", "esp:6", "green", [ "v23.73", "h100.85", "v-71.28" ] ],
    [ "led4:C", "esp:GND.1", "green", [ "v0.75", "h-55.25", "v143.98" ] ],
    [ "led2:C", "esp:GND.1", "green", [ "v-1.93", "h-63.78", "v94.08" ] ],
    [ "led1:A", "esp:5", "green", [ "v13.72", "h105.25", "v-150.39" ] ],
    [ "led1:C", "esp:GND.1", "green", [ "v32.96", "h-1.64" ] ],
    [ "bz1:2", "esp:1", "green", [ "v0" ] ],
    [ "bz1:1", "esp:GND.4", "green", [ "v0" ] ],
    [ "btn1:1.l", "esp:39", "green", [ "h-30.39", "v64.25" ] ],
    [ "btn1:2.r", "esp:GND.4", "green", [ "h23.91", "v139.03" ] ],
    [ "btn2:1.l", "esp:35", "green", [ "h-18.6", "v-18.75" ] ],
    [ "btn2:2.r", "esp:GND.4", "green", [ "h57.11", "v73.35" ] ],
    [ "ldr1:GND", "esp:GND.4", "black", [ "h58.56", "v-38.44", "h267.57", "v350.57" ] ],
    [ "ldr1:VCC", "esp:3V3.1", "red", [ "h2.13", "v-42.53", "h-177.4", "v134.28" ] ],
    [ "ldr1:AO", "esp:2", "green", [ "h99.45", "v136.17" ] ]
  ]
}